case,icao,category,event,Tmin_err,T_MAE,z_icon0,dTdz_raw,dTdz,at_cap,source,dT_total,T_292,z_join,T_join,jump_grad,rh_2,rh_292
LBBG_CDRY_2024-05-02,LBBG,CDRY,CN,2.047,1.126,78,-9.63,-9.63,0,METAR→ICON,-2.81,12.19,509,10.70,-6.9,0.819,0.662
LBBG_CDRY_2024-10-14,LBBG,CDRY,FA,1.12,0.889,142,13.73,13.73,0,METAR→ICON,4.01,20.01,359,17.30,-40.4,0.765,0.398
LBBG_CDRY_2024-10-31,LBBG,CDRY,CN,2.676,2.204,188,4.58,4.58,0,METAR→ICON,1.34,15.34,402,14.10,-11.3,0.763,0.470
LBBG_CDRY_2025-01-19,LBBG,CDRY,CN,-0.721,0.73,196,25.35,25.35,0,METAR→ICON,7.40,11.40,405,8.27,-27.7,0.693,0.280
LBBG_CDRY_2026-07-20,LBBG,CDRY,CN,-1.268,1.4,111,-6.53,-6.53,0,METAR→ICON,-1.91,23.09,333,23.81,17.7,0.686,0.518
LBBG_CDRY_2026-07-21,LBBG,CDRY,CN,1.579,1.245,107,-3.20,-3.20,0,METAR→ICON,-0.93,24.07,329,22.91,-31.2,0.778,0.554
LBBG_CLDY_2025-02-09,LBBG,CLDY,CN,-1.767,0.947,246,-5.45,-5.45,0,METAR→ICON,-1.59,-2.59,447,-3.00,-2.6,0.686,0.517
LBBG_DYNM_2024-07-25,LBBG,DYNM,CN,-0.669,0.738,43,-19.57,-10.00,0,METAR→ICON,-2.92,21.08,489,20.20,-4.5,0.642,0.517
LBBG_DYNM_2024-12-27,LBBG,DYNM,CN,-0.694,0.691,183,-2.50,-2.50,0,METAR→ICON,-0.73,0.27,386,-0.59,-9.1,0.862,0.610
LBBG_DYNM_2025-01-05,LBBG,DYNM,CN,-0.313,0.926,164,32.40,30.00,1,METAR→ICON,8.76,8.76,370,3.70,-64.5,0.857,0.311
LBBG_DYNM_2025-02-21,LBBG,DYNM,CN,-1.635,1.686,282,-4.70,-4.70,0,METAR→ICON,-1.37,-5.37,480,-7.19,-9.7,0.580,0.432
LBBG_DYNM_2025-03-11,LBBG,DYNM,CN,-1.668,2.376,81,5.39,5.39,0,METAR→ICON,1.57,16.57,514,13.20,-15.2,0.668,0.405
LBBG_DYNM_2025-03-14,LBBG,DYNM,CN,-6.415,3.677,97,23.84,23.84,0,METAR→ICON,6.96,20.96,315,17.70,-143.9,0.664,0.286
LBBG_DYNM_2026-07-22,LBBG,DYNM,CN,1.656,1.235,78,18.92,18.92,0,METAR→ICON,5.52,26.52,522,18.20,-36.2,0.723,0.346
LBBG_DYNM_2026-07-23,LBBG,DYNM,CN,1.789,0.967,76,16.89,16.89,0,METAR→ICON,4.93,26.93,521,19.40,-32.9,0.636,0.316
LBBG_DYNM_2026-07-24,LBBG,DYNM,CN,0.378,1.068,50,34.14,30.00,1,METAR→ICON,8.76,27.76,492,17.40,-51.8,0.767,0.300
LBBG_DYNM_2026-07-25,LBBG,DYNM,CN,-0.365,1.127,77,35.30,30.00,1,METAR→ICON,8.76,29.76,523,20.50,-40.1,0.554,0.218
LBBG_DYNM_2026-07-26,LBBG,DYNM,CN,1.186,1.053,95,5.35,5.35,0,METAR→ICON,1.56,25.56,317,23.59,-80.1,0.562,0.344
LBBG_DYNM_2026-07-27,LBBG,DYNM,CN,-2.949,1.517,76,21.44,21.44,0,METAR→ICON,6.26,30.26,528,26.10,-17.6,0.774,0.356
LBGO_CDRY_2024-10-20,LBGO,CDRY,FA,0.755,0.722,179,35.13,30.00,1,METAR→ICON,8.76,13.76,391,10.76,-30.3,0.862,0.320
LBGO_CDRY_2024-10-28,LBGO,CDRY,CN,2.462,1.587,109,62.38,30.00,1,METAR→ICON,8.76,17.76,327,17.73,-0.9,0.808,0.305
LBGO_CDRY_2024-11-03,LBGO,CDRY,CN,4.674,4.533,166,29.74,29.74,0,METAR→ICON,8.69,11.69,374,6.70,-60.5,0.800,0.296
LBGO_CDRY_2024-12-13,LBGO,CDRY,FA,-1.168,1.341,203,25.85,25.85,0,METAR→ICON,7.55,5.55,407,1.50,-35.0,0.993,0.389
LBGO_CDRY_2024-12-19,LBGO,CDRY,FA,1.81,1.519,12,372.47,30.00,1,METAR→ICON,8.76,10.76,440,12.40,11.1,0.993,0.364
LBGO_CDRY_2025-01-04,LBGO,CDRY,CN,1.791,1.051,125,23.63,23.63,0,METAR→ICON,6.90,5.90,329,0.89,-135.6,0.857,0.352
LBGO_CDRY_2025-02-14,LBGO,CDRY,CN,1.444,1.64,34,86.54,30.00,1,METAR→ICON,8.76,12.76,459,8.80,-23.7,0.745,0.276
LBGO_CDRY_2025-02-21,LBGO,CDRY,CN,6.727,5.199,228,9.92,9.92,0,METAR→ICON,2.90,-4.10,427,-6.31,-16.4,0.852,0.459
LBGO_CDRY_2025-03-05,LBGO,CDRY,FA,2.091,1.06,149,50.21,30.00,1,METAR→ICON,8.76,13.76,362,11.97,-25.6,0.862,0.320
LBGO_CDRY_2025-03-07,LBGO,CDRY,CN,3.759,2.458,85,8.02,8.02,0,METAR→ICON,2.34,16.34,300,15.06,-155.5,0.378,0.218
LBGO_CFOG_2024-02-17,LBGO,CFOG,HIT,0.631,0.681,148,35.60,30.00,1,METAR→ICON,8.76,8.76,355,4.10,-74.1,0.923,0.335
LBGO_CFOG_2024-03-03,LBGO,CFOG,MISS,2.78,2.565,34,116.86,30.00,1,METAR→ICON,8.76,15.76,461,9.20,-38.8,0.805,0.302
LBGO_CFOG_2024-03-16,LBGO,CFOG,HIT,1.779,1.706,80,36.45,30.00,1,METAR→ICON,8.76,16.76,506,8.80,-37.2,0.806,0.303
LBGO_CFOG_2024-10-22,LBGO,CFOG,HIT,2.155,1.406,166,42.30,30.00,1,METAR→ICON,8.76,15.76,381,14.65,-12.4,0.805,0.302
LBGO_CFOG_2024-10-24,LBGO,CFOG,MISS,3.393,2.37,185,32.06,30.00,1,METAR→ICON,8.76,16.76,398,12.69,-38.5,0.865,0.325
LBGO_CFOG_2024-11-01,LBGO,CFOG,MISS,4.763,2.61,107,55.06,30.00,1,METAR→ICON,8.76,16.76,322,14.45,-76.4,0.927,0.349
LBGO_CFOG_2024-11-16,LBGO,CFOG,MISS,0.981,2.022,117,49.04,30.00,1,METAR→ICON,8.76,7.76,323,3.49,-136.1,0.993,0.359
LBGO_CFOG_2024-11-17,LBGO,CFOG,HIT,0.946,0.375,29,128.03,30.00,1,METAR→ICON,8.76,7.76,447,4.30,-22.3,0.993,0.359
LBGO_CFOG_2024-11-18,LBGO,CFOG,MISS,2.085,1.382,40,82.95,30.00,1,METAR→ICON,8.76,9.76,463,7.80,-11.5,0.923,0.337
LBGO_CFOG_2024-11-27,LBGO,CFOG,HIT,-1.511,1.973,141,40.02,30.00,1,METAR→ICON,8.76,9.76,350,7.28,-42.5,0.923,0.337
LBGO_CFOG_2024-12-30,LBGO,CFOG,HIT,1.246,1.96,151,23.58,23.58,0,METAR→ICON,6.89,6.89,359,4.77,-31.5,0.994,0.410
LBGO_CFOG_2024-12-31,LBGO,CFOG,HIT,0.33,0.727,174,37.29,30.00,1,METAR→ICON,8.76,7.76,383,6.76,-10.9,0.993,0.359
LBGO_CFOG_2025-01-25,LBGO,CFOG,MISS,5.06,3.167,117,55.36,30.00,1,METAR→ICON,8.76,9.76,325,6.00,-112.8,0.923,0.337
LBGO_CFOG_2025-01-26,LBGO,CFOG,MISS,1.119,1.419,91,42.32,30.00,1,METAR→ICON,8.76,11.76,301,8.07,-396.2,0.924,0.340
LBGO_CFOG_2025-01-31,LBGO,CFOG,HIT,1.178,1.236,127,36.81,30.00,1,METAR→ICON,8.76,12.76,337,8.98,-83.3,0.993,0.367
LBGO_CFOG_2025-02-01,LBGO,CFOG,HIT,0.375,1.144,149,38.56,30.00,1,METAR→ICON,8.76,11.76,358,7.99,-56.9,0.860,0.317
LBGO_CFOG_2025-02-20,LBGO,CFOG,MISS,6.06,4.949,194,32.79,30.00,1,METAR→ICON,8.76,-1.24,394,-4.62,-33.1,0.993,0.343
LBGO_CFOG_2025-02-25,LBGO,CFOG,HIT,-1.717,1.242,105,28.28,28.28,0,METAR→ICON,8.26,7.26,311,2.57,-248.0,0.922,0.345
LBGO_CFOG_2025-03-04,LBGO,CFOG,HIT,0.316,0.957,132,43.74,30.00,1,METAR→ICON,8.76,11.76,341,7.78,-80.8,0.860,0.317
LBGO_CLDY_2024-10-05,LBGO,CLDY,CN,0.464,1.169,8,3.00,3.00,0,fallback,0.88,18.88,446,15.80,-20.0,0.935,0.594
LBGO_CLDY_2024-11-24,LBGO,CLDY,CN,-1.576,2.984,178,29.06,29.06,0,METAR→ICON,8.49,7.49,384,4.08,-36.8,0.922,0.340
LBGO_CLDY_2025-01-14,LBGO,CLDY,CN,0.592,0.538,187,-9.42,-9.42,0,METAR→ICON,-2.75,-1.75,388,-2.50,-7.7,0.640,0.525
LBGO_CLDY_2025-02-03,LBGO,CLDY,MISS,4.037,1.673,120,6.67,6.67,0,METAR→ICON,1.95,3.95,324,1.12,-87.4,0.927,0.542
LBGO_CLDY_2025-02-07,LBGO,CLDY,CN,2.032,0.957,235,-5.84,-5.84,0,METAR→ICON,-1.71,-1.71,436,-3.20,-10.4,0.638,0.485
LBGO_CLDY_2025-02-16,LBGO,CLDY,MISS,0.749,1.154,79,1.09,1.09,0,METAR→ICON,0.32,-0.68,486,-3.90,-16.6,0.997,0.654
LBGO_CLDY_2025-02-28,LBGO,CLDY,MISS,0.907,0.667,111,-3.83,-3.83,0,METAR→ICON,-1.12,3.88,317,3.71,-7.1,0.930,0.675
LBGO_CLDY_2025-03-17,LBGO,CLDY,MISS,1.95,1.772,20,20.00,20.00,0,METAR→ICON,5.84,14.84,443,5.60,-61.2,0.567,0.259
LBGO_DYNM_2024-02-03,LBGO,DYNM,CN,2.06,2.322,81,85.86,30.00,1,METAR→ICON,8.76,10.76,505,7.60,-14.8,0.924,0.339
LBGO_DYNM_2024-02-04,LBGO,DYNM,CN,1.082,2.88,68,13.24,13.24,0,METAR→ICON,3.86,13.86,495,9.10,-23.5,0.657,0.342
LBGO_DYNM_2024-03-11,LBGO,DYNM,CN,1.513,1.876,15,-148.77,-10.00,0,METAR→ICON,-2.92,14.08,449,13.20,-5.6,0.478,0.388
LBGO_DYNM_2024-10-03,LBGO,DYNM,CN,-1.799,2.011,17,-9.76,-9.76,0,METAR→ICON,-2.85,16.15,460,20.50,25.9,0.483,0.389
LBGO_DYNM_2024-11-19,LBGO,DYNM,CN,1.351,1.767,36,0.24,0.24,0,METAR→ICON,0.07,7.07,463,10.10,17.7,0.701,0.469
LBGO_DYNM_2024-12-17,LBGO,DYNM,CN,2.446,2.017,116,28.76,28.76,0,METAR→ICON,8.40,19.40,330,13.69,-151.3,0.613,0.239
LBGO_DYNM_2025-01-24,LBGO,DYNM,CN,4.236,1.505,59,-15.25,-10.00,0,METAR→ICON,-2.92,8.08,486,9.30,6.3,0.760,0.622
LBGO_DYNM_2025-03-15,LBGO,DYNM,CN,6.056,3.173,2,3.00,3.00,0,fallback,0.88,25.88,443,21.80,-27.0,0.269,0.171
LBPD_CDRY_2024-02-22,LBPD,CDRY,CN,1.59,1.618,2,3.00,3.00,0,fallback,0.88,7.88,414,10.19,19.0,0.701,0.443
LBPD_CDRY_2024-10-18,LBPD,CDRY,CN,-1.663,2.31,57,16.23,16.23,0,METAR→ICON,4.74,13.74,485,10.29,-17.8,0.456,0.223
LBPD_CDRY_2024-10-25,LBPD,CDRY,CN,-0.38,1.703,76,48.96,30.00,1,METAR→ICON,8.76,18.76,509,13.19,-25.7,0.656,0.249
LBPD_CDRY_2024-11-19,LBPD,CDRY,FA,-2.041,3.034,189,27.17,27.17,0,METAR→ICON,7.93,10.93,403,8.69,-20.2,0.860,0.335
LBPD_CDRY_2024-12-22,LBPD,CDRY,FA,-1.101,1.889,149,9.96,9.96,0,METAR→ICON,2.91,4.91,360,3.78,-16.5,0.927,0.507
LBPD_CDRY_2024-12-31,LBPD,CDRY,FA,-4.488,3.482,108,1.54,1.54,0,METAR→ICON,0.45,5.45,317,6.88,57.7,0.866,0.563
LBPD_CDRY_2025-01-05,LBPD,CDRY,CN,-1.641,1.535,33,46.61,30.00,1,METAR→ICON,8.76,8.76,447,1.00,-50.1,0.738,0.268
LBPD_CDRY_2025-01-17,LBPD,CDRY,FA,-3.026,2.816,132,31.50,30.00,1,METAR→ICON,8.76,7.76,338,4.17,-77.5,0.993,0.359
LBPD_CDRY_2025-01-29,LBPD,CDRY,CN,-0.611,1.05,14,258.03,30.00,1,METAR→ICON,8.76,14.76,442,10.40,-29.1,0.863,0.322
LBPD_CDRY_2025-02-14,LBPD,CDRY,FA,0.9,0.869,186,0.71,0.71,0,METAR→ICON,0.21,6.21,399,5.90,-2.9,0.699,0.463
LBPD_CFOG_2024-12-19,LBPD,CFOG,MISS,5.248,1.947,166,16.23,16.23,0,METAR→ICON,4.74,10.74,381,8.99,-19.7,0.698,0.339
LBPD_CFOG_2024-12-29,LBPD,CFOG,HIT,-3.869,2.714,79,39.81,30.00,1,METAR→ICON,8.76,9.76,496,2.29,-36.6,0.923,0.337
LBPD_CFOG_2024-12-30,LBPD,CFOG,HIT,0.168,0.562,82,20.93,20.93,0,METAR→ICON,6.11,8.11,503,8.59,2.3,0.994,0.436
LBPD_CFOG_2025-01-02,LBPD,CFOG,HIT,-1.656,2.863,33,48.61,30.00,1,METAR→ICON,8.76,10.76,453,9.00,-11.0,0.799,0.293
LBPD_CFOG_2025-01-08,LBPD,CFOG,HIT,-3.638,2.946,7,3.00,3.00,0,fallback,0.88,7.88,435,12.20,30.2,0.867,0.548
LBPD_CFOG_2025-01-27,LBPD,CFOG,MISS,4.795,3.799,10,3.00,3.00,0,fallback,0.88,4.88,436,11.09,43.2,0.864,0.546
LBPD_CFOG_2025-02-25,LBPD,CFOG,HIT,-3.277,3.32,35,48.28,30.00,1,METAR→ICON,8.76,10.76,454,4.60,-38.0,0.993,0.364
LBPD_CLDY_2024-10-29,LBPD,CLDY,CN,1.817,0.777,41,40.03,30.00,1,METAR→ICON,8.76,23.76,480,17.00,-36.0,0.580,0.224
LBPD_CLDY_2024-11-12,LBPD,CLDY,HIT,-2.763,1.681,70,7.74,7.74,0,METAR→ICON,2.26,9.26,491,5.00,-21.4,0.996,0.573
LBPD_CLDY_2024-11-29,LBPD,CLDY,CN,0.502,0.64,34,-2.83,-2.83,0,METAR→ICON,-0.83,6.17,454,4.70,-9.1,0.868,0.617
LBPD_CLDY_2024-12-10,LBPD,CLDY,FA,-1.078,0.45,2,3.00,3.00,0,fallback,0.88,9.88,426,8.40,-11.1,0.869,0.550
LBPD_CLDY_2024-12-26,LBPD,CLDY,CN,2.659,1.6,95,4.94,4.94,0,METAR→ICON,1.44,4.44,509,0.50,-18.2,0.928,0.563
LBPD_CLDY_2025-01-15,LBPD,CLDY,FA,-2.232,1.866,61,0.44,0.44,0,METAR→ICON,0.13,0.13,471,-1.50,-9.1,0.997,0.663
LBPD_CLDY_2025-02-01,LBPD,CLDY,HIT,-3.654,2.696,65,4.98,4.98,0,METAR→ICON,1.45,13.45,496,11.90,-7.6,0.575,0.351
LBPD_CLDY_2025-02-26,LBPD,CLDY,FA,-4.789,2.937,22,104.20,30.00,1,METAR→ICON,8.76,12.76,443,5.40,-48.8,0.925,0.342
LBPD_CLDY_2025-03-02,LBPD,CLDY,CN,-1.2,1.798,45,-14.91,-10.00,0,METAR→ICON,-2.92,5.08,466,4.80,-1.6,0.811,0.666
LBPD_CLDY_2025-03-31,LBPD,CLDY,FA,0.72,0.338,136,-10.01,-10.00,0,METAR→ICON,-2.92,10.08,353,10.50,6.9,0.934,0.762
LBPD_DYNM_2024-10-17,LBPD,DYNM,CN,4.054,2.274,90,-2.86,-2.86,0,METAR→ICON,-0.83,11.17,301,10.57,-63.6,0.432,0.307
LBPD_DYNM_2024-11-04,LBPD,DYNM,CN,0.291,1.076,43,2.30,2.30,0,METAR→ICON,0.67,13.67,475,12.50,-6.4,0.375,0.241
LBPD_DYNM_2024-11-10,LBPD,DYNM,CN,3.134,1.74,58,19.29,19.29,0,METAR→ICON,5.63,10.63,478,4.60,-32.4,0.646,0.295
LBPD_DYNM_2024-12-12,LBPD,DYNM,CN,-2.656,3.608,74,-1.05,-1.05,0,METAR→ICON,-0.31,5.69,493,3.60,-10.4,0.604,0.415
LBPD_DYNM_2024-12-17,LBPD,DYNM,CN,-3.246,3.736,50,29.15,29.15,0,METAR→ICON,8.51,22.51,485,14.70,-40.5,0.468,0.183
LBPD_DYNM_2025-01-03,LBPD,DYNM,FA,-2.203,2.468,180,15.12,15.12,0,METAR→ICON,4.42,7.42,393,8.57,11.4,0.995,0.491
LBPD_DYNM_2025-01-25,LBPD,DYNM,CN,1.744,1.942,39,26.85,26.85,0,METAR→ICON,7.84,14.84,463,7.60,-42.4,0.604,0.240
LBPD_DYNM_2025-02-05,LBPD,DYNM,CN,-5.209,4.496,92,24.47,24.47,0,METAR→ICON,7.15,9.15,508,2.00,-33.1,0.593,0.242
LBPD_DYNM_2025-02-21,LBPD,DYNM,CN,2.36,1.245,147,-4.90,-4.90,0,METAR→ICON,-1.43,-2.43,348,-3.49,-19.1,0.740,0.552
LBPD_DYNM_2025-03-16,LBPD,DYNM,CN,2.196,2.607,147,15.94,15.94,0,METAR→ICON,4.65,19.65,369,17.78,-24.3,0.581,0.290
LBSF_CDRY_2024-01-14,LBSF,CDRY,CN,0.008,1.142,2,3.00,3.00,0,fallback,0.88,-3.12,432,1.00,29.4,0.793,0.498
LBSF_CDRY_2024-01-30,LBSF,CDRY,CN,-0.482,0.363,2,3.00,3.00,0,fallback,0.88,-2.12,403,-3.31,-10.6,0.736,0.463
LBSF_CDRY_2024-01-31,LBSF,CDRY,FA,-1.035,2.131,153,43.66,30.00,1,METAR→ICON,8.76,5.76,369,3.56,-28.6,0.733,0.262
LBSF_CDRY_2024-02-06,LBSF,CDRY,CN,1.241,1.215,40,75.58,30.00,1,METAR→ICON,8.76,16.76,495,12.99,-18.5,0.487,0.183
LBSF_CDRY_2024-02-15,LBSF,CDRY,FA,-0.666,1.227,86,13.16,13.16,0,METAR→ICON,3.84,8.84,304,4.30,-378.9,0.601,0.310
LBSF_CDRY_2024-04-05,LBSF,CDRY,CN,4.021,2.314,80,48.16,30.00,1,METAR→ICON,8.76,22.76,307,16.79,-397.9,0.468,0.180
LBSF_CDRY_2024-05-07,LBSF,CDRY,CN,2.792,2.165,22,-29.81,-10.00,0,METAR→ICON,-2.92,18.08,488,18.00,-0.4,0.487,0.394
LBSF_CDRY_2024-06-01,LBSF,CDRY,CN,2.685,1.358,46,21.05,21.05,0,METAR→ICON,6.15,29.15,517,20.90,-36.7,0.597,0.276
LBSF_CDRY_2024-06-15,LBSF,CDRY,CN,2.405,1.475,8,3.00,3.00,0,fallback,0.88,22.88,477,19.90,-16.1,0.488,0.311
LBSF_CDRY_2024-06-28,LBSF,CDRY,CN,1.371,1.117,45,4.44,4.44,0,METAR→ICON,1.30,23.30,512,18.00,-24.1,0.680,0.421
LBSF_CDRY_2024-07-05,LBSF,CDRY,CN,3.214,2.099,48,19.69,19.69,0,METAR→ICON,5.75,28.75,517,19.80,-39.8,0.490,0.232
LBSF_CDRY_2024-09-03,LBSF,CDRY,CN,3.832,2.562,51,50.31,30.00,1,METAR→ICON,8.76,31.76,526,23.60,-34.9,0.427,0.169
LBSF_CDRY_2024-09-22,LBSF,CDRY,CN,3.083,2.199,65,22.07,22.07,0,METAR→ICON,6.44,22.44,526,15.60,-29.3,0.544,0.243
LBSF_CDRY_2024-10-08,LBSF,CDRY,CN,2.369,1.143,53,42.19,30.00,1,METAR→ICON,8.76,21.76,514,16.00,-26.0,0.709,0.272
LBSF_CDRY_2024-10-10,LBSF,CDRY,CN,-0.764,0.715,2,3.00,3.00,0,fallback,0.88,16.88,443,19.60,18.0,0.716,0.455
LBSF_CDRY_2024-10-16,LBSF,CDRY,CN,3.205,1.547,127,27.86,27.86,0,METAR→ICON,8.14,17.14,350,10.70,-111.0,0.753,0.296
LBSF_CDRY_2024-10-22,LBSF,CDRY,FA,1.875,1.378,153,41.96,30.00,1,METAR→ICON,8.76,16.76,378,14.06,-31.4,0.652,0.245
LBSF_CDRY_2024-10-23,LBSF,CDRY,CN,1.45,1.395,158,39.28,30.00,1,METAR→ICON,8.76,18.76,385,15.46,-35.5,0.492,0.186
LBSF_CDRY_2024-10-27,LBSF,CDRY,FA,0.8,1.171,120,27.93,27.93,0,METAR→ICON,8.16,19.16,346,15.35,-70.5,0.571,0.226
LBSF_CDRY_2024-10-28,LBSF,CDRY,CN,3.981,2.231,110,56.29,30.00,1,METAR→ICON,8.76,19.76,339,18.26,-31.9,0.705,0.268
LBSF_CDRY_2024-11-06,LBSF,CDRY,CN,-1.214,2.137,167,21.95,21.95,0,METAR→ICON,6.41,11.41,387,8.08,-35.1,0.557,0.242
LBSF_CDRY_2024-12-17,LBSF,CDRY,FA,-3.893,3.159,121,57.19,30.00,1,METAR→ICON,8.76,10.76,343,10.93,3.4,0.859,0.315
LBSF_CDRY_2024-12-22,LBSF,CDRY,FA,-1.109,1.636,2,3.00,3.00,0,fallback,0.88,-1.12,418,-1.20,-0.6,0.925,0.582
LBSF_CDRY_2025-01-05,LBSF,CDRY,FA,-3.343,2.559,68,41.20,30.00,1,METAR→ICON,8.76,6.76,502,-0.70,-35.5,0.855,0.308
LBSF_CDRY_2025-01-20,LBSF,CDRY,CN,1.007,1.176,96,31.85,30.00,1,METAR→ICON,8.76,5.76,311,3.76,-105.1,0.921,0.330
LBSF_CDRY_2025-01-26,LBSF,CDRY,CN,0.76,1.264,79,35.34,30.00,1,METAR→ICON,8.76,11.76,521,5.80,-26.0,0.860,0.317
LBSF_CDRY_2025-01-27,LBSF,CDRY,FA,0.338,0.646,59,61.24,30.00,1,METAR→ICON,8.76,12.76,508,9.09,-17.0,0.861,0.318
LBSF_CDRY_2025-02-01,LBSF,CDRY,CN,1.457,2.501,125,35.88,30.00,1,METAR→ICON,8.76,12.76,345,7.68,-95.9,0.745,0.275
LBSF_CDRY_2025-02-10,LBSF,CDRY,FA,0.249,0.831,118,20.22,20.22,0,METAR→ICON,5.90,2.90,331,-1.31,-108.0,0.628,0.275
LBSF_CDRY_2025-02-11,LBSF,CDRY,CN,0.203,0.623,134,12.13,12.13,0,METAR→ICON,3.54,0.54,346,-2.71,-60.1,0.537,0.278
LBSF_CDRY_2025-02-13,LBSF,CDRY,FA,-0.857,1.873,72,40.45,30.00,1,METAR→ICON,8.76,8.76,509,0.90,-36.2,0.796,0.289
LBSF_CDRY_2025-03-20,LBSF,CDRY,CN,1.699,1.596,133,24.75,24.75,0,METAR→ICON,7.23,12.23,353,7.29,-81.0,0.444,0.182
LBSF_CDRY_2026-07-20,LBSF,CDRY,CN,5.053,3.95,50,124.93,30.00,1,METAR→ICON,8.76,28.76,524,22.90,-25.3,0.820,0.322
LBSF_CDRY_2026-07-23,LBSF,CDRY,CN,4.153,3.176,15,3.42,3.42,0,METAR→ICON,1.00,22.00,479,17.40,-24.6,0.396,0.250
LBSF_CFOG_2024-01-10,LBSF,CFOG,HIT,0.987,0.84,126,30.95,30.00,1,METAR→ICON,8.76,1.76,336,-4.50,-142.3,0.919,0.322
LBSF_CFOG_2024-01-18,LBSF,CFOG,MISS,2.742,1.688,153,-22.77,-10.00,0,METAR→ICON,-2.92,11.08,381,9.58,-16.9,0.541,0.441
LBSF_CFOG_2024-01-21,LBSF,CFOG,MISS,3.588,2.084,2,3.00,3.00,0,fallback,0.88,-7.12,377,-2.14,58.7,0.922,0.578
LBSF_CFOG_2024-03-02,LBSF,CFOG,MISS,1.362,1.003,6,3.00,3.00,0,fallback,0.88,7.88,452,6.20,-10.5,0.930,0.588
LBSF_CFOG_2024-10-07,LBSF,CFOG,MISS,4.547,2.868,68,17.87,17.87,0,METAR→ICON,5.22,18.22,524,12.20,-25.9,0.663,0.317
LBSF_CFOG_2024-10-12,LBSF,CFOG,MISS,4.064,2.394,67,6.62,6.62,0,METAR→ICON,1.93,14.93,520,10.50,-19.4,0.711,0.421
LBSF_CFOG_2024-10-13,LBSF,CFOG,HIT,3.266,1.617,55,60.84,30.00,1,METAR→ICON,8.76,19.76,512,12.90,-31.2,0.867,0.330
LBSF_CFOG_2024-10-21,LBSF,CFOG,MISS,2.687,1.351,167,36.62,30.00,1,METAR→ICON,8.76,14.76,390,11.78,-30.4,0.804,0.300
LBSF_CFOG_2024-10-25,LBSF,CFOG,HIT,1.136,1.49,128,27.01,27.01,0,METAR→ICON,7.89,16.89,352,12.38,-75.1,0.702,0.280
LBSF_CFOG_2024-10-30,LBSF,CFOG,HIT,2.428,0.989,109,36.35,30.00,1,METAR→ICON,8.76,17.76,333,11.97,-141.3,0.808,0.305
LBSF_CFOG_2024-11-16,LBSF,CFOG,HIT,-0.177,0.964,87,-11.88,-10.00,0,METAR→ICON,-2.92,1.08,302,1.50,41.8,0.749,0.619
LBSF_CFOG_2024-12-19,LBSF,CFOG,HIT,-1.347,1.334,5,3.00,3.00,0,fallback,0.88,1.88,450,7.10,33.0,0.862,0.543
LBSF_CFOG_2024-12-30,LBSF,CFOG,HIT,-4.398,2.081,138,42.20,30.00,1,METAR→ICON,8.76,5.76,356,5.86,1.5,0.993,0.355
LBSF_CFOG_2025-01-01,LBSF,CFOG,MISS,1.78,1.401,141,45.75,30.00,1,METAR→ICON,8.76,5.76,359,5.06,-10.4,0.921,0.330
LBSF_CFOG_2025-01-31,LBSF,CFOG,HIT,-0.09,0.796,111,43.25,30.00,1,METAR→ICON,8.76,13.76,332,9.37,-109.8,0.925,0.344
LBSF_CFOG_2025-02-02,LBSF,CFOG,MISS,4.946,2.298,81,12.68,12.68,0,METAR→ICON,3.70,7.70,520,2.80,-21.5,0.863,0.448
LBSF_CLDY_2024-01-09,LBSF,CLDY,CN,-0.266,1.6,118,-13.12,-10.00,0,METAR→ICON,-2.92,-7.92,326,-8.58,-19.5,0.734,0.615
LBSF_CLDY_2024-01-12,LBSF,CLDY,CN,-4.115,1.815,68,24.57,24.57,0,METAR→ICON,7.18,2.18,492,-6.20,-41.9,0.853,0.338
LBSF_CLDY_2024-01-15,LBSF,CLDY,CN,-2.359,1.871,149,18.20,18.20,0,METAR→ICON,5.31,5.31,370,2.68,-33.8,0.797,0.367
LBSF_CLDY_2024-01-19,LBSF,CLDY,HIT,2.558,3.033,2,3.00,3.00,0,fallback,0.88,11.88,424,11.19,-5.2,0.708,0.449
LBSF_CLDY_2024-01-23,LBSF,CLDY,HIT,0.043,2.463,117,66.63,30.00,1,METAR→ICON,8.76,0.76,332,0.02,-18.5,0.918,0.320
LBSF_CLDY_2024-01-27,LBSF,CLDY,CN,-0.602,1.23,115,-6.79,-6.79,0,METAR→ICON,-1.98,1.02,330,0.21,-21.3,0.598,0.462
LBSF_CLDY_2024-01-28,LBSF,CLDY,CN,-0.863,0.858,166,-1.80,-1.80,0,METAR→ICON,-0.53,0.47,380,-0.79,-14.4,0.801,0.558
LBSF_CLDY_2024-02-13,LBSF,CLDY,CN,0.045,0.567,2,3.00,3.00,0,fallback,0.88,6.88,434,2.90,-28.0,0.807,0.510
LBSF_CLDY_2024-02-14,LBSF,CLDY,CN,-1.647,0.593,66,5.21,5.21,0,METAR→ICON,1.52,6.52,505,2.00,-21.2,0.601,0.363
LBSF_CLDY_2024-02-24,LBSF,CLDY,CN,1.052,0.692,37,-82.18,-10.00,0,METAR→ICON,-2.92,13.08,490,11.20,-9.5,0.412,0.335
LBSF_CLDY_2024-03-01,LBSF,CLDY,CN,1.006,1.591,2,3.00,3.00,0,fallback,0.88,7.88,447,5.80,-13.4,0.930,0.588
LBSF_CLDY_2024-03-04,LBSF,CLDY,CN,0.603,0.428,2,3.00,3.00,0,fallback,0.88,8.88,429,7.10,-13.0,0.754,0.477
LBSF_CLDY_2024-03-08,LBSF,CLDY,FA,-2.834,2.386,61,7.21,7.21,0,METAR→ICON,2.11,6.11,499,0.90,-25.1,0.804,0.466
LBSF_CLDY_2024-03-14,LBSF,CLDY,CN,1.053,0.663,44,11.36,11.36,0,METAR→ICON,3.32,9.32,484,2.70,-34.5,0.806,0.431
LBSF_CLDY_2024-03-18,LBSF,CLDY,CN,1.116,1.428,9,3.00,3.00,0,fallback,0.88,12.88,460,9.30,-21.3,0.575,0.365
LBSF_CLDY_2024-04-17,LBSF,CLDY,CN,1.224,1.713,139,9.43,9.43,0,METAR→ICON,2.75,8.75,364,6.01,-38.1,0.996,0.554
LBSF_CLDY_2024-04-20,LBSF,CLDY,MISS,4.756,3.112,2,3.00,3.00,0,fallback,0.88,11.88,426,8.00,-28.9,0.533,0.338
LBSF_CLDY_2024-04-21,LBSF,CLDY,CN,-0.207,0.932,2,3.00,3.00,0,fallback,0.88,6.88,430,4.30,-18.7,0.929,0.587
LBSF_CLDY_2024-05-03,LBSF,CLDY,CN,0.774,0.95,2,3.00,3.00,0,fallback,0.88,11.88,413,7.70,-34.5,0.871,0.552
LBSF_CLDY_2024-05-14,LBSF,CLDY,CN,1.06,1.773,33,73.75,30.00,1,METAR→ICON,8.76,19.76,486,9.80,-51.3,0.867,0.330
LBSF_CLDY_2024-05-16,LBSF,CLDY,CN,0.741,0.874,69,-9.53,-9.53,0,METAR→ICON,-2.78,8.22,516,7.10,-5.0,0.872,0.707
LBSF_CLDY_2024-09-14,LBSF,CLDY,CN,0.576,1.112,2,3.00,3.00,0,fallback,0.88,13.88,449,11.50,-15.1,0.872,0.553
LBSF_CLDY_2024-09-15,LBSF,CLDY,CN,0.963,1.108,2,3.00,3.00,0,fallback,0.88,10.88,440,9.90,-6.6,0.931,0.590
LBSF_CLDY_2024-10-05,LBSF,CLDY,FA,-0.211,0.838,2,3.00,3.00,0,fallback,0.88,14.88,459,14.20,-4.1,0.997,0.633
LBSF_CLDY_2024-10-11,LBSF,CLDY,CN,3.144,2.694,3,3.00,3.00,0,fallback,0.88,17.88,465,15.00,-16.6,0.934,0.594
LBSF_CLDY_2024-11-28,LBSF,CLDY,CN,-1.673,2.234,96,16.74,16.74,0,METAR→ICON,4.89,9.89,315,7.16,-118.9,0.804,0.386
LBSF_CLDY_2024-12-02,LBSF,CLDY,CN,0.011,0.703,87,6.91,6.91,0,METAR→ICON,2.02,5.02,302,1.91,-311.1,0.863,0.503
LBSF_CLDY_2024-12-06,LBSF,CLDY,CN,1.192,1.007,38,-27.95,-10.00,0,METAR→ICON,-2.92,2.08,475,2.70,3.4,0.867,0.715
LBSF_CLDY_2024-12-07,LBSF,CLDY,CN,-0.914,0.623,2,3.00,3.00,0,fallback,0.88,2.88,428,-0.50,-24.8,0.862,0.544
LBSF_CLDY_2024-12-08,LBSF,CLDY,CN,-0.613,1.833,2,3.00,3.00,0,fallback,0.88,2.88,407,2.00,-7.7,0.927,0.585
LBSF_CLDY_2024-12-10,LBSF,CLDY,FA,-2.691,3.679,54,-0.14,-0.14,0,METAR→ICON,-0.04,5.96,497,3.70,-11.0,0.867,0.583
LBSF_CLDY_2024-12-11,LBSF,CLDY,CN,0.422,0.493,85,-2.03,-2.03,0,METAR→ICON,-0.59,4.41,302,3.69,-71.8,0.866,0.606
LBSF_CLDY_2024-12-12,LBSF,CLDY,CN,-5.571,3.286,130,-3.40,-3.40,0,METAR→ICON,-0.99,0.01,344,-1.39,-26.8,0.744,0.536
LBSF_CLDY_2024-12-14,LBSF,CLDY,CN,2.218,0.938,70,-0.83,-0.83,0,METAR→ICON,-0.24,1.76,503,-0.60,-11.2,0.863,0.589
LBSF_CLDY_2024-12-24,LBSF,CLDY,CN,0.006,1.037,2,3.00,3.00,0,fallback,0.88,0.88,416,-1.10,-16.0,0.926,0.584
LBSF_CLDY_2024-12-26,LBSF,CLDY,CN,0.038,1.219,154,-11.40,-10.00,0,METAR→ICON,-2.92,-1.92,366,-2.60,-9.1,0.744,0.618
LBSF_CLDY_2025-01-03,LBSF,CLDY,MISS,2.189,2.013,11,-498.33,-10.00,0,METAR→ICON,-2.92,4.08,454,5.99,11.8,0.607,0.500
LBSF_CLDY_2025-01-11,LBSF,CLDY,MISS,0.952,0.874,44,13.99,13.99,0,METAR→ICON,4.08,4.08,476,-2.40,-35.2,0.925,0.464
LBSF_CLDY_2025-01-14,LBSF,CLDY,CN,0.06,0.712,141,-8.51,-8.51,0,METAR→ICON,-2.49,-4.49,352,-4.80,-5.2,0.739,0.596
LBSF_CLDY_2025-01-17,LBSF,CLDY,HIT,-3.441,2.318,2,3.00,3.00,0,fallback,0.88,-1.12,398,-0.81,3.0,0.925,0.582
LBSF_CLDY_2025-01-21,LBSF,CLDY,FA,-5.952,3.363,50,27.15,27.15,0,METAR→ICON,7.93,9.93,488,1.60,-42.5,0.859,0.333
LBSF_CLDY_2025-02-03,LBSF,CLDY,CN,2.83,1.697,88,-11.75,-10.00,0,METAR→ICON,-2.92,0.08,303,0.11,2.8,0.645,0.533
LBSF_CLDY_2025-02-12,LBSF,CLDY,CN,-0.493,0.815,117,-5.72,-5.72,0,METAR→ICON,-1.67,-0.67,331,-0.80,-3.4,0.434,0.329
LBSF_CLDY_2025-02-16,LBSF,CLDY,MISS,1.652,1.335,29,9.30,9.30,0,METAR→ICON,2.71,4.71,462,-1.00,-33.6,0.801,0.444
LBSF_CLDY_2025-02-18,LBSF,CLDY,MISS,3.715,2.499,88,-3.03,-3.03,0,METAR→ICON,-0.89,-2.89,514,-5.40,-11.3,0.797,0.571
LBSF_CLDY_2025-02-24,LBSF,CLDY,CN,0.952,0.181,116,-2.32,-2.32,0,METAR→ICON,-0.68,0.32,330,0.67,9.1,0.743,0.524
LBSF_CLDY_2025-02-28,LBSF,CLDY,CN,0.041,0.475,74,2.42,2.42,0,METAR→ICON,0.71,8.71,518,5.10,-16.0,0.809,0.518
LBSF_CLDY_2025-03-17,LBSF,CLDY,CN,2.184,1.001,17,-11.76,-10.00,0,METAR→ICON,-2.92,1.08,453,-0.30,-8.6,0.647,0.534
LBSF_CLDY_2025-03-30,LBSF,CLDY,CN,2.006,1.927,2,3.00,3.00,0,fallback,0.88,10.88,419,7.50,-26.6,0.757,0.480
LBSF_DYNM_2024-01-11,LBSF,DYNM,CN,-2.066,1.685,48,-4.78,-4.78,0,METAR→ICON,-1.39,-3.39,476,-3.70,-1.7,0.738,0.549
LBSF_DYNM_2024-01-13,LBSF,DYNM,CN,3.574,1.481,46,-16.71,-10.00,0,METAR→ICON,-2.92,-5.92,471,-5.10,4.6,0.682,0.570
LBSF_DYNM_2024-01-25,LBSF,DYNM,CN,-3.361,2.506,68,-11.55,-10.00,0,METAR→ICON,-2.92,3.08,507,1.80,-6.0,0.651,0.536
LBSF_DYNM_2024-01-26,LBSF,DYNM,CN,-0.265,2.006,83,-10.84,-10.00,0,METAR→ICON,-2.92,1.08,518,0.00,-4.8,0.557,0.460
LBSF_DYNM_2024-02-03,LBSF,DYNM,CN,2.067,1.362,74,34.09,30.00,1,METAR→ICON,8.76,13.76,518,4.60,-40.5,0.599,0.223
LBSF_DYNM_2024-02-27,LBSF,DYNM,CN,0.175,1.187,47,12.29,12.29,0,METAR→ICON,3.59,15.59,499,10.40,-25.1,0.535,0.284
LBSF_DYNM_2024-03-09,LBSF,DYNM,CN,0.237,0.72,43,61.43,30.00,1,METAR→ICON,8.76,13.76,487,5.40,-42.9,0.802,0.298
LBSF_DYNM_2024-03-10,LBSF,DYNM,CN,-1.167,0.831,37,24.62,24.62,0,METAR→ICON,7.19,17.19,487,9.90,-37.4,0.704,0.295
LBSF_DYNM_2024-03-11,LBSF,DYNM,CN,1.711,1.082,2,3.00,3.00,0,fallback,0.88,11.88,438,8.70,-21.8,0.708,0.449
LBSF_DYNM_2024-03-19,LBSF,DYNM,CN,1.831,1.118,34,-29.41,-10.00,0,METAR→ICON,-2.92,4.08,473,2.00,-11.5,0.487,0.400
LBSF_DYNM_2024-03-25,LBSF,DYNM,CN,2.258,1.853,2,3.00,3.00,0,fallback,0.88,5.88,430,3.60,-16.5,0.602,0.380
LBSF_DYNM_2024-03-27,LBSF,DYNM,CN,-0.611,1.514,2,3.00,3.00,0,fallback,0.88,12.88,416,11.70,-9.5,0.710,0.450
LBSF_DYNM_2024-10-01,LBSF,DYNM,CN,3.387,2.87,34,-20.47,-10.00,0,METAR→ICON,-2.92,10.08,485,9.60,-2.5,0.435,0.355
LBSF_DYNM_2024-10-03,LBSF,DYNM,CN,-1.532,2.028,13,-118.46,-10.00,0,METAR→ICON,-2.92,16.08,476,18.00,10.4,0.392,0.317
LBSF_DYNM_2024-10-17,LBSF,DYNM,CN,2.426,1.367,132,21.24,21.24,0,METAR→ICON,6.20,14.20,354,9.59,-74.3,0.701,0.311
LBSF_DYNM_2024-10-19,LBSF,DYNM,CN,1.345,0.835,117,21.89,21.89,0,METAR→ICON,6.39,13.39,338,8.89,-97.8,0.605,0.264
LBSF_DYNM_2024-11-04,LBSF,DYNM,CN,4.578,3.269,112,5.81,5.81,0,METAR→ICON,1.70,9.70,332,7.30,-60.0,0.566,0.339
LBSF_DYNM_2024-11-05,LBSF,DYNM,CN,2.879,1.1,148,22.16,22.16,0,METAR→ICON,6.47,10.47,367,5.99,-59.8,0.598,0.257
LBSF_DYNM_2024-11-21,LBSF,DYNM,CN,-1.89,2.157,14,111.73,30.00,1,METAR→ICON,8.76,6.76,447,-1.40,-52.7,0.855,0.308
LBSF_DYNM_2024-11-26,LBSF,DYNM,CN,-0.395,3.229,84,29.53,29.53,0,METAR→ICON,8.62,12.62,305,9.69,-225.9,0.692,0.258
LBSF_DYNM_2024-12-15,LBSF,DYNM,CN,-3.236,1.932,104,3.93,3.93,0,METAR→ICON,1.15,3.15,319,0.71,-90.4,0.744,0.460
LBSF_DYNM_2024-12-16,LBSF,DYNM,FA,-2.257,2.044,153,-1.14,-1.14,0,METAR→ICON,-0.33,4.67,370,3.20,-18.9,0.602,0.414
LBSF_DYNM_2025-01-24,LBSF,DYNM,MISS,1.749,1.315,52,-23.67,-10.00,0,METAR→ICON,-2.92,6.08,499,7.30,5.9,0.812,0.666
LBSF_DYNM_2025-03-02,LBSF,DYNM,CN,-1.01,0.653,103,-4.75,-4.75,0,METAR→ICON,-1.39,2.61,319,1.61,-37.2,0.749,0.554
LBSF_DYNM_2025-03-08,LBSF,DYNM,CN,3.865,2.002,30,92.71,30.00,1,METAR→ICON,8.76,17.76,483,10.80,-36.5,0.391,0.148
LBSF_DYNM_2025-03-13,LBSF,DYNM,CN,2.759,1.38,172,-29.69,-10.00,0,METAR→ICON,-2.92,16.08,403,12.91,-28.6,0.391,0.317
LBSF_DYNM_2025-03-14,LBSF,DYNM,CN,-8.324,7.887,5,3.00,3.00,0,fallback,0.88,18.88,469,17.30,-8.9,0.388,0.247
LBSF_DYNM_2025-03-15,LBSF,DYNM,CN,0.333,1.057,2,3.00,3.00,0,fallback,0.88,23.88,452,19.60,-26.7,0.264,0.168
LBSF_DYNM_2025-03-24,LBSF,DYNM,CN,-0.265,1.615,54,-4.92,-4.92,0,METAR→ICON,-1.44,13.56,511,13.40,-0.8,0.624,0.461
LBSF_DYNM_2026-07-21,LBSF,DYNM,CN,2.429,1.419,45,54.94,30.00,1,METAR→ICON,8.76,30.76,516,20.90,-44.0,0.594,0.234
LBSF_DYNM_2026-07-22,LBSF,DYNM,CN,3.23,1.396,38,-21.05,-10.00,0,METAR→ICON,-2.92,17.08,500,15.20,-9.0,0.485,0.392
LBSF_DYNM_2026-07-24,LBSF,DYNM,CN,0.124,0.814,6,3.00,3.00,0,fallback,0.88,15.88,462,12.00,-22.8,0.817,0.519
LBSF_DYNM_2026-07-25,LBSF,DYNM,CN,3.185,2.466,21,-44.32,-10.00,0,METAR→ICON,-2.92,19.08,487,18.20,-4.5,0.372,0.301
LBSF_DYNM_2026-07-26,LBSF,DYNM,CN,1.163,1.706,12,-8.33,-8.33,0,METAR→ICON,-2.43,24.57,486,24.00,-2.9,0.293,0.228
LBSF_DYNM_2026-07-27,LBSF,DYNM,CN,2.598,1.922,29,21.44,21.44,0,METAR→ICON,6.26,30.26,501,21.90,-40.0,0.525,0.242
LBWN_CDRY_2024-09-23,LBWN,CDRY,FA,1.307,1.106,99,15.68,15.68,0,METAR→ICON,4.58,22.58,318,19.68,-113.1,0.629,0.317
LBWN_CDRY_2024-10-20,LBWN,CDRY,CN,1.142,0.951,226,-7.60,-7.60,0,METAR→ICON,-2.22,7.78,435,7.30,-3.4,0.614,0.479
LBWN_CDRY_2024-10-21,LBWN,CDRY,FA,-2.077,2.07,234,8.83,8.83,0,METAR→ICON,2.58,10.58,445,9.79,-5.2,0.754,0.425
LBWN_CDRY_2024-11-05,LBWN,CDRY,CN,1.035,1.363,229,-4.25,-4.25,0,METAR→ICON,-1.24,3.76,435,2.99,-5.3,0.559,0.410
LBWN_CDRY_2024-12-19,LBWN,CDRY,HIT,-1.193,2.23,66,54.90,30.00,1,METAR→ICON,8.76,13.76,493,10.90,-14.2,0.862,0.320
LBWN_CDRY_2024-12-31,LBWN,CDRY,FA,-1.167,0.868,214,4.34,4.34,0,METAR→ICON,1.27,5.27,423,6.89,12.3,0.804,0.494
LBWN_CDRY_2025-01-05,LBWN,CDRY,CN,0.376,0.987,142,17.58,17.58,0,METAR→ICON,5.13,6.13,347,2.58,-64.0,0.925,0.432
LBWN_CDRY_2025-01-08,LBWN,CDRY,CN,-1.774,1.513,111,32.44,30.00,1,METAR→ICON,8.76,18.76,325,13.27,-167.8,0.809,0.307
LBWN_CDRY_2025-01-23,LBWN,CDRY,CN,0.515,0.831,109,49.67,30.00,1,METAR→ICON,8.76,12.76,320,9.37,-122.1,0.861,0.318
LBWN_CDRY_2025-02-12,LBWN,CDRY,FA,-0.27,0.729,212,-7.95,-7.95,0,METAR→ICON,-2.32,-2.32,413,-2.70,-3.1,0.688,0.547
LBWN_CDRY_2025-02-23,LBWN,CDRY,CN,-0.906,0.959,242,-2.90,-2.90,0,METAR→ICON,-0.85,-3.85,442,-4.81,-6.4,0.422,0.302
LBWN_CDRY_2025-03-08,LBWN,CDRY,CN,2.709,1.863,103,29.33,29.33,0,METAR→ICON,8.56,14.56,314,10.16,-197.6,0.648,0.245
LBWN_CDRY_2025-03-20,LBWN,CDRY,CN,1.925,1.704,206,10.57,10.57,0,METAR→ICON,3.09,7.09,413,5.20,-15.6,0.645,0.349
LBWN_CDRY_2026-07-21,LBWN,CDRY,FA,0.983,1.157,89,-7.11,-7.11,0,METAR→ICON,-2.08,21.92,310,21.90,-1.5,0.828,0.633
LBWN_CDRY_2026-07-23,LBWN,CDRY,CN,-0.406,0.951,55,6.30,6.30,0,METAR→ICON,1.84,22.84,498,19.60,-15.7,0.594,0.356
LBWN_CDRY_2026-07-25,LBWN,CDRY,CN,-0.64,1.58,56,7.23,7.23,0,METAR→ICON,2.11,23.11,499,20.30,-13.6,0.556,0.328
LBWN_CFOG_2024-10-02,LBWN,CFOG,HIT,-5.301,3.832,85,23.40,23.40,0,METAR→ICON,6.83,19.83,300,14.68,-627.7,0.870,0.376
LBWN_CFOG_2024-10-22,LBWN,CFOG,HIT,-1.698,2.258,219,13.65,13.65,0,METAR→ICON,3.99,12.99,432,12.29,-5.0,0.809,0.417
LBWN_CFOG_2024-10-25,LBWN,CFOG,HIT,-1.279,2.077,196,11.45,11.45,0,METAR→ICON,3.34,11.34,408,9.89,-12.6,0.867,0.465
LBWN_CFOG_2024-11-07,LBWN,CFOG,HIT,-0.065,1.935,242,18.41,18.41,0,METAR→ICON,5.37,11.37,454,10.39,-6.1,0.805,0.375
LBWN_CFOG_2024-11-17,LBWN,CFOG,HIT,0.53,0.819,75,35.30,30.00,1,METAR→ICON,8.76,12.76,496,4.80,-39.0,0.861,0.318
LBWN_CFOG_2024-12-18,LBWN,CFOG,MISS,1.835,1.353,157,19.05,19.05,0,METAR→ICON,5.56,11.56,367,8.38,-42.3,0.805,0.371
LBWN_CFOG_2025-01-20,LBWN,CFOG,HIT,-0.19,1.369,177,9.30,9.30,0,METAR→ICON,2.72,4.72,383,3.89,-9.1,0.862,0.477
LBWN_CFOG_2025-01-30,LBWN,CFOG,HIT,0.832,1.336,138,19.54,19.54,0,METAR→ICON,5.71,14.71,351,11.68,-51.5,0.929,0.427
LBWN_CFOG_2025-03-31,LBWN,CFOG,FA,-0.875,0.992,58,7.73,7.73,0,METAR→ICON,2.26,10.26,481,7.20,-16.2,0.996,0.574
LBWN_CLDY_2024-11-14,LBWN,CLDY,CN,0.303,0.774,130,-8.78,-8.78,0,METAR→ICON,-2.56,6.44,339,6.90,10.0,0.932,0.746
LBWN_CLDY_2024-11-30,LBWN,CLDY,CN,-0.563,0.817,194,-8.02,-8.02,0,METAR→ICON,-2.34,8.66,404,7.80,-7.6,0.814,0.640
LBWN_CLDY_2024-12-05,LBWN,CLDY,CN,-1.104,1.154,178,-4.69,-4.69,0,METAR→ICON,-1.37,3.63,384,3.90,3.0,0.866,0.640
LBWN_CLDY_2024-12-24,LBWN,CLDY,CN,0.407,0.672,35,2.21,2.21,0,METAR→ICON,0.64,10.64,461,7.60,-18.0,0.931,0.599
LBWN_CLDY_2024-12-28,LBWN,CLDY,CN,0.612,0.641,186,-6.03,-6.03,0,METAR→ICON,-1.76,0.24,388,-0.89,-11.7,0.864,0.658
LBWN_CLDY_2025-01-14,LBWN,CLDY,CN,-0.736,0.637,223,-10.07,-10.00,0,METAR→ICON,-2.92,-1.92,424,-1.80,0.9,0.744,0.618
LBWN_CLDY_2025-02-02,LBWN,CLDY,CN,0.334,1.12,158,-10.41,-10.00,0,METAR→ICON,-2.92,5.08,365,5.10,0.3,0.932,0.766
LBWN_CLDY_2025-02-07,LBWN,CLDY,CN,-0.612,0.741,268,-1.66,-1.66,0,METAR→ICON,-0.48,-2.48,468,-4.40,-10.9,0.738,0.513
LBWN_CLDY_2025-02-15,LBWN,CLDY,CN,0.367,0.882,131,2.42,2.42,0,METAR→ICON,0.71,0.71,333,-1.49,-53.0,0.687,0.438
LBWN_CLDY_2025-02-18,LBWN,CLDY,MISS,1.161,1.046,163,-13.02,-10.00,0,METAR→ICON,-2.92,-1.92,364,-2.39,-6.5,0.863,0.716
LBWN_CLDY_2025-02-28,LBWN,CLDY,CN,-1.025,0.693,159,-14.12,-10.00,0,METAR→ICON,-2.92,4.08,365,3.20,-12.0,0.810,0.666
LBWN_CLDY_2026-07-22,LBWN,CLDY,CN,0.169,0.991,55,5.44,5.44,0,METAR→ICON,1.59,20.59,494,15.80,-23.7,0.935,0.568
LBWN_DYNM_2024-10-06,LBWN,DYNM,CN,-1.454,0.833,37,25.62,25.62,0,METAR→ICON,7.48,24.48,474,15.20,-51.0,0.873,0.367
LBWN_DYNM_2024-10-17,LBWN,DYNM,CN,-0.851,1.787,207,-1.27,-1.27,0,METAR→ICON,-0.37,7.63,415,6.80,-6.7,0.755,0.520
LBWN_DYNM_2024-11-20,LBWN,DYNM,CN,3.231,4.583,182,-3.58,-3.58,0,METAR→ICON,-1.05,12.95,400,12.50,-4.2,0.764,0.550
LBWN_DYNM_2024-12-02,LBWN,DYNM,CN,-1.628,1.57,158,-5.98,-5.98,0,METAR→ICON,-1.75,4.25,364,4.00,-3.5,0.867,0.658
LBWN_DYNM_2024-12-21,LBWN,DYNM,CN,-0.07,0.554,54,-12.05,-10.00,0,METAR→ICON,-2.92,2.08,469,1.10,-5.5,0.867,0.715
LBWN_DYNM_2024-12-27,LBWN,DYNM,CN,-0.725,0.491,163,-10.03,-10.00,0,METAR→ICON,-2.92,-0.92,365,-0.99,-1.0,0.803,0.665
LBWN_DYNM_2025-01-02,LBWN,DYNM,CN,-0.143,0.97,132,13.93,13.93,0,METAR→ICON,4.07,10.07,342,9.17,-18.1,0.603,0.307
LBWN_DYNM_2025-01-13,LBWN,DYNM,CN,-0.591,0.503,228,-7.23,-7.23,0,METAR→ICON,-2.11,-0.11,430,-1.20,-7.8,0.746,0.583
LBWN_DYNM_2025-02-06,LBWN,DYNM,CN,-2.004,2.268,238,-7.75,-7.75,0,METAR→ICON,-2.26,-2.26,439,-3.20,-6.3,0.638,0.505
LBWN_DYNM_2025-02-10,LBWN,DYNM,CN,-2.792,2.013,206,-1.57,-1.57,0,METAR→ICON,-0.46,-4.46,405,-5.59,-10.0,0.794,0.551
LBWN_DYNM_2025-03-18,LBWN,DYNM,CN,-3.079,2.304,189,1.26,1.26,0,METAR→ICON,0.37,0.37,391,-1.20,-15.7,0.546,0.357
LBWN_DYNM_2025-03-21,LBWN,DYNM,CN,-2.685,2.144,170,11.20,11.20,0,METAR→ICON,3.27,9.27,379,7.39,-21.6,0.603,0.324
LBWN_DYNM_2026-07-20,LBWN,DYNM,CN,2.309,0.76,91,-5.49,-5.49,0,METAR→ICON,-1.60,22.40,312,22.60,10.4,0.729,0.541
LBWN_DYNM_2026-07-24,LBWN,DYNM,CN,-0.261,0.995,31,61.06,30.00,1,METAR→ICON,8.76,25.76,471,17.30,-47.3,0.872,0.339
LBWN_DYNM_2026-07-26,LBWN,DYNM,CN,1.627,1.966,77,-7.86,-7.86,0,METAR→ICON,-2.30,20.70,522,21.10,1.7,0.640,0.496
LBWN_DYNM_2026-07-27,LBWN,DYNM,CN,-2.79,1.576,58,15.79,15.79,0,METAR→ICON,4.61,28.61,507,25.00,-16.8,0.682,0.347
