case,icao,category,event,verdict,n_low_hours,min_vis_obs,FOG,MIST,SNOW,RAIN,MIXED,OTHER
LBBG_CDRY_2024-05-02,LBBG,CDRY,CN,NO_LOW_VIS,0,,0,0,0,0,0,0
LBBG_CDRY_2024-10-14,LBBG,CDRY,FA,NO_LOW_VIS,0,,0,0,0,0,0,0
LBBG_CDRY_2024-10-31,LBBG,CDRY,CN,NO_LOW_VIS,0,,0,0,0,0,0,0
LBBG_CDRY_2025-01-19,LBBG,CDRY,CN,NO_LOW_VIS,0,,0,0,0,0,0,0
LBBG_CDRY_2026-07-20,LBBG,CDRY,CN,NO_LOW_VIS,0,,0,0,0,0,0,0
LBBG_CDRY_2026-07-21,LBBG,CDRY,CN,NO_LOW_VIS,0,,0,0,0,0,0,0
LBBG_CLDY_2025-02-09,LBBG,CLDY,CN,NO_LOW_VIS,0,,0,0,0,0,0,0
LBBG_DYNM_2024-07-25,LBBG,DYNM,CN,NO_LOW_VIS,0,,0,0,0,0,0,0
LBBG_DYNM_2024-12-27,LBBG,DYNM,CN,NO_LOW_VIS,0,,0,0,0,0,0,0
LBBG_DYNM_2025-01-05,LBBG,DYNM,CN,NO_LOW_VIS,0,,0,0,0,0,0,0
LBBG_DYNM_2025-02-21,LBBG,DYNM,CN,NO_LOW_VIS,0,,0,0,0,0,0,0
LBBG_DYNM_2025-03-11,LBBG,DYNM,CN,NO_LOW_VIS,0,,0,0,0,0,0,0
LBBG_DYNM_2025-03-14,LBBG,DYNM,CN,NO_LOW_VIS,0,,0,0,0,0,0,0
LBBG_DYNM_2026-07-22,LBBG,DYNM,CN,NO_LOW_VIS,0,,0,0,0,0,0,0
LBBG_DYNM_2026-07-23,LBBG,DYNM,CN,NO_LOW_VIS,0,,0,0,0,0,0,0
LBBG_DYNM_2026-07-24,LBBG,DYNM,CN,NO_LOW_VIS,0,,0,0,0,0,0,0
LBBG_DYNM_2026-07-25,LBBG,DYNM,CN,NO_LOW_VIS,0,,0,0,0,0,0,0
LBBG_DYNM_2026-07-26,LBBG,DYNM,CN,NO_LOW_VIS,0,,0,0,0,0,0,0
LBBG_DYNM_2026-07-27,LBBG,DYNM,CN,NO_LOW_VIS,0,,0,0,0,0,0,0
LBGO_CDRY_2024-10-20,LBGO,CDRY,FA,NO_LOW_VIS,0,,0,0,0,0,0,0
LBGO_CDRY_2024-10-28,LBGO,CDRY,CN,NO_LOW_VIS,0,,0,0,0,0,0,0
LBGO_CDRY_2024-11-03,LBGO,CDRY,CN,NO_LOW_VIS,0,,0,0,0,0,0,0
LBGO_CDRY_2024-12-13,LBGO,CDRY,FA,NO_LOW_VIS,0,,0,0,0,0,0,0
LBGO_CDRY_2024-12-19,LBGO,CDRY,FA,NO_LOW_VIS,0,,0,0,0,0,0,0
LBGO_CDRY_2025-01-04,LBGO,CDRY,CN,NO_LOW_VIS,0,,0,0,0,0,0,0
LBGO_CDRY_2025-02-14,LBGO,CDRY,CN,NO_LOW_VIS,0,,0,0,0,0,0,0
LBGO_CDRY_2025-02-21,LBGO,CDRY,CN,NO_LOW_VIS,0,,0,0,0,0,0,0
LBGO_CDRY_2025-03-05,LBGO,CDRY,FA,NO_LOW_VIS,0,,0,0,0,0,0,0
LBGO_CDRY_2025-03-07,LBGO,CDRY,CN,NO_LOW_VIS,0,,0,0,0,0,0,0
LBGO_CFOG_2024-02-17,LBGO,CFOG,HIT,REAL_FOG,12,350,12,0,0,0,0,0
LBGO_CFOG_2024-03-03,LBGO,CFOG,MISS,REAL_FOG,2,500,2,0,0,0,0,0
LBGO_CFOG_2024-03-16,LBGO,CFOG,HIT,REAL_FOG,2,300,2,0,0,0,0,0
LBGO_CFOG_2024-10-22,LBGO,CFOG,HIT,REAL_FOG,2,700,2,0,0,0,0,0
LBGO_CFOG_2024-10-24,LBGO,CFOG,MISS,REAL_FOG,2,450,2,0,0,0,0,0
LBGO_CFOG_2024-11-01,LBGO,CFOG,MISS,REAL_FOG,6,450,6,0,0,0,0,0
LBGO_CFOG_2024-11-16,LBGO,CFOG,MISS,REAL_FOG,17,250,17,0,0,0,0,0
LBGO_CFOG_2024-11-17,LBGO,CFOG,HIT,REAL_FOG,10,350,10,0,0,0,0,0
LBGO_CFOG_2024-11-18,LBGO,CFOG,MISS,REAL_FOG,1,550,1,0,0,0,0,0
LBGO_CFOG_2024-11-27,LBGO,CFOG,HIT,REAL_FOG,2,450,2,0,0,0,0,0
LBGO_CFOG_2024-12-30,LBGO,CFOG,HIT,REAL_FOG,14,350,14,0,0,0,0,0
LBGO_CFOG_2024-12-31,LBGO,CFOG,HIT,REAL_FOG,2,350,2,0,0,0,0,0
LBGO_CFOG_2025-01-25,LBGO,CFOG,MISS,REAL_FOG,1,450,1,0,0,0,0,0
LBGO_CFOG_2025-01-26,LBGO,CFOG,MISS,REAL_FOG,10,200,10,0,0,0,0,0
LBGO_CFOG_2025-01-31,LBGO,CFOG,HIT,REAL_FOG,26,200,26,0,0,0,0,0
LBGO_CFOG_2025-02-01,LBGO,CFOG,HIT,REAL_FOG,11,200,11,0,0,0,0,0
LBGO_CFOG_2025-02-20,LBGO,CFOG,MISS,REAL_FOG,8,200,8,0,0,0,0,0
LBGO_CFOG_2025-02-25,LBGO,CFOG,HIT,REAL_FOG,18,150,18,0,0,0,0,0
LBGO_CFOG_2025-03-04,LBGO,CFOG,HIT,REAL_FOG,3,450,3,0,0,0,0,0
LBGO_CLDY_2024-10-05,LBGO,CLDY,CN,NO_LOW_VIS,0,,0,0,0,0,0,0
LBGO_CLDY_2024-11-24,LBGO,CLDY,CN,NO_LOW_VIS,0,,0,0,0,0,0,0
LBGO_CLDY_2025-01-14,LBGO,CLDY,CN,NO_LOW_VIS,0,,0,0,0,0,0,0
LBGO_CLDY_2025-02-03,LBGO,CLDY,MISS,REAL_FOG,1,500,1,0,0,0,0,0
LBGO_CLDY_2025-02-07,LBGO,CLDY,CN,NO_LOW_VIS,0,,0,0,0,0,0,0
LBGO_CLDY_2025-02-16,LBGO,CLDY,MISS,NO_LOW_VIS,0,,0,0,0,0,0,0
LBGO_CLDY_2025-02-28,LBGO,CLDY,MISS,NO_LOW_VIS,0,,0,0,0,0,0,0
LBGO_CLDY_2025-03-17,LBGO,CLDY,MISS,NO_LOW_VIS,0,,0,0,0,0,0,0
LBGO_DYNM_2024-02-03,LBGO,DYNM,CN,NO_LOW_VIS,0,,0,0,0,0,0,0
LBGO_DYNM_2024-02-04,LBGO,DYNM,CN,NO_LOW_VIS,0,,0,0,0,0,0,0
LBGO_DYNM_2024-03-11,LBGO,DYNM,CN,NO_LOW_VIS,0,,0,0,0,0,0,0
LBGO_DYNM_2024-10-03,LBGO,DYNM,CN,NO_LOW_VIS,0,,0,0,0,0,0,0
LBGO_DYNM_2024-11-19,LBGO,DYNM,CN,NO_LOW_VIS,0,,0,0,0,0,0,0
LBGO_DYNM_2024-12-17,LBGO,DYNM,CN,NO_LOW_VIS,0,,0,0,0,0,0,0
LBGO_DYNM_2025-01-24,LBGO,DYNM,CN,NO_LOW_VIS,0,,0,0,0,0,0,0
LBGO_DYNM_2025-03-15,LBGO,DYNM,CN,NO_LOW_VIS,0,,0,0,0,0,0,0
LBPD_CDRY_2024-02-22,LBPD,CDRY,CN,NO_LOW_VIS,0,,0,0,0,0,0,0
LBPD_CDRY_2024-10-18,LBPD,CDRY,CN,NO_LOW_VIS,0,,0,0,0,0,0,0
LBPD_CDRY_2024-10-25,LBPD,CDRY,CN,NO_LOW_VIS,0,,0,0,0,0,0,0
LBPD_CDRY_2024-11-19,LBPD,CDRY,FA,NO_LOW_VIS,0,,0,0,0,0,0,0
LBPD_CDRY_2024-12-22,LBPD,CDRY,FA,NO_LOW_VIS,0,,0,0,0,0,0,0
LBPD_CDRY_2024-12-31,LBPD,CDRY,FA,NO_LOW_VIS,0,,0,0,0,0,0,0
LBPD_CDRY_2025-01-05,LBPD,CDRY,CN,NO_LOW_VIS,0,,0,0,0,0,0,0
LBPD_CDRY_2025-01-17,LBPD,CDRY,FA,NO_LOW_VIS,0,,0,0,0,0,0,0
LBPD_CDRY_2025-01-29,LBPD,CDRY,CN,NO_LOW_VIS,0,,0,0,0,0,0,0
LBPD_CDRY_2025-02-14,LBPD,CDRY,FA,NO_LOW_VIS,0,,0,0,0,0,0,0
LBPD_CFOG_2024-12-19,LBPD,CFOG,MISS,REAL_FOG,7,250,7,0,0,0,0,0
LBPD_CFOG_2024-12-29,LBPD,CFOG,HIT,REAL_FOG,5,450,5,0,0,0,0,0
LBPD_CFOG_2024-12-30,LBPD,CFOG,HIT,REAL_FOG,17,200,17,0,0,0,0,0
LBPD_CFOG_2025-01-02,LBPD,CFOG,HIT,REAL_FOG,2,300,2,0,0,0,0,0
LBPD_CFOG_2025-01-08,LBPD,CFOG,HIT,REAL_FOG,3,250,3,0,0,0,0,0
LBPD_CFOG_2025-01-27,LBPD,CFOG,MISS,REAL_FOG,16,200,16,0,0,0,0,0
LBPD_CFOG_2025-02-25,LBPD,CFOG,HIT,REAL_FOG,1,250,1,0,0,0,0,0
LBPD_CLDY_2024-10-29,LBPD,CLDY,CN,NO_LOW_VIS,0,,0,0,0,0,0,0
LBPD_CLDY_2024-11-12,LBPD,CLDY,HIT,NO_LOW_VIS,0,,0,0,0,0,0,0
LBPD_CLDY_2024-11-29,LBPD,CLDY,CN,NO_LOW_VIS,0,,0,0,0,0,0,0
LBPD_CLDY_2024-12-10,LBPD,CLDY,FA,NO_LOW_VIS,0,,0,0,0,0,0,0
LBPD_CLDY_2024-12-26,LBPD,CLDY,CN,NO_LOW_VIS,0,,0,0,0,0,0,0
LBPD_CLDY_2025-01-15,LBPD,CLDY,FA,NO_LOW_VIS,0,,0,0,0,0,0,0
LBPD_CLDY_2025-02-01,LBPD,CLDY,HIT,NO_LOW_VIS,0,,0,0,0,0,0,0
LBPD_CLDY_2025-02-26,LBPD,CLDY,FA,NO_LOW_VIS,0,,0,0,0,0,0,0
LBPD_CLDY_2025-03-02,LBPD,CLDY,CN,NO_LOW_VIS,0,,0,0,0,0,0,0
LBPD_CLDY_2025-03-31,LBPD,CLDY,FA,NO_LOW_VIS,0,,0,0,0,0,0,0
LBPD_DYNM_2024-10-17,LBPD,DYNM,CN,NO_LOW_VIS,0,,0,0,0,0,0,0
LBPD_DYNM_2024-11-04,LBPD,DYNM,CN,NO_LOW_VIS,0,,0,0,0,0,0,0
LBPD_DYNM_2024-11-10,LBPD,DYNM,CN,NO_LOW_VIS,0,,0,0,0,0,0,0
LBPD_DYNM_2024-12-12,LBPD,DYNM,CN,NO_LOW_VIS,0,,0,0,0,0,0,0
LBPD_DYNM_2024-12-17,LBPD,DYNM,CN,NO_LOW_VIS,0,,0,0,0,0,0,0
LBPD_DYNM_2025-01-03,LBPD,DYNM,FA,NO_LOW_VIS,0,,0,0,0,0,0,0
LBPD_DYNM_2025-01-25,LBPD,DYNM,CN,NO_LOW_VIS,0,,0,0,0,0,0,0
LBPD_DYNM_2025-02-05,LBPD,DYNM,CN,NO_LOW_VIS,0,,0,0,0,0,0,0
LBPD_DYNM_2025-02-21,LBPD,DYNM,CN,NO_LOW_VIS,0,,0,0,0,0,0,0
LBPD_DYNM_2025-03-16,LBPD,DYNM,CN,NO_LOW_VIS,0,,0,0,0,0,0,0
LBSF_CDRY_2024-01-14,LBSF,CDRY,CN,NO_LOW_VIS,0,,0,0,0,0,0,0
LBSF_CDRY_2024-01-30,LBSF,CDRY,CN,NO_LOW_VIS,0,,0,0,0,0,0,0
LBSF_CDRY_2024-01-31,LBSF,CDRY,FA,NO_LOW_VIS,0,,0,0,0,0,0,0
LBSF_CDRY_2024-02-06,LBSF,CDRY,CN,NO_LOW_VIS,0,,0,0,0,0,0,0
LBSF_CDRY_2024-02-15,LBSF,CDRY,FA,NO_LOW_VIS,0,,0,0,0,0,0,0
LBSF_CDRY_2024-04-05,LBSF,CDRY,CN,NO_LOW_VIS,0,,0,0,0,0,0,0
LBSF_CDRY_2024-05-07,LBSF,CDRY,CN,NO_LOW_VIS,0,,0,0,0,0,0,0
LBSF_CDRY_2024-06-01,LBSF,CDRY,CN,NO_LOW_VIS,0,,0,0,0,0,0,0
LBSF_CDRY_2024-06-15,LBSF,CDRY,CN,NO_LOW_VIS,0,,0,0,0,0,0,0
LBSF_CDRY_2024-06-28,LBSF,CDRY,CN,NO_LOW_VIS,0,,0,0,0,0,0,0
LBSF_CDRY_2024-07-05,LBSF,CDRY,CN,NO_LOW_VIS,0,,0,0,0,0,0,0
LBSF_CDRY_2024-09-03,LBSF,CDRY,CN,NO_LOW_VIS,0,,0,0,0,0,0,0
LBSF_CDRY_2024-09-22,LBSF,CDRY,CN,NO_LOW_VIS,0,,0,0,0,0,0,0
LBSF_CDRY_2024-10-08,LBSF,CDRY,CN,NO_LOW_VIS,0,,0,0,0,0,0,0
LBSF_CDRY_2024-10-10,LBSF,CDRY,CN,NO_LOW_VIS,0,,0,0,0,0,0,0
LBSF_CDRY_2024-10-16,LBSF,CDRY,CN,NO_LOW_VIS,0,,0,0,0,0,0,0
LBSF_CDRY_2024-10-22,LBSF,CDRY,FA,NO_LOW_VIS,0,,0,0,0,0,0,0
LBSF_CDRY_2024-10-23,LBSF,CDRY,CN,NO_LOW_VIS,0,,0,0,0,0,0,0
LBSF_CDRY_2024-10-27,LBSF,CDRY,FA,NO_LOW_VIS,0,,0,0,0,0,0,0
LBSF_CDRY_2024-10-28,LBSF,CDRY,CN,NO_LOW_VIS,0,,0,0,0,0,0,0
LBSF_CDRY_2024-11-06,LBSF,CDRY,CN,NO_LOW_VIS,0,,0,0,0,0,0,0
LBSF_CDRY_2024-12-17,LBSF,CDRY,FA,NO_LOW_VIS,0,,0,0,0,0,0,0
LBSF_CDRY_2024-12-22,LBSF,CDRY,FA,NO_LOW_VIS,0,,0,0,0,0,0,0
LBSF_CDRY_2025-01-05,LBSF,CDRY,FA,NO_LOW_VIS,0,,0,0,0,0,0,0
LBSF_CDRY_2025-01-20,LBSF,CDRY,CN,NO_LOW_VIS,0,,0,0,0,0,0,0
LBSF_CDRY_2025-01-26,LBSF,CDRY,CN,NO_LOW_VIS,0,,0,0,0,0,0,0
LBSF_CDRY_2025-01-27,LBSF,CDRY,FA,NO_LOW_VIS,0,,0,0,0,0,0,0
LBSF_CDRY_2025-02-01,LBSF,CDRY,CN,NO_LOW_VIS,0,,0,0,0,0,0,0
LBSF_CDRY_2025-02-10,LBSF,CDRY,FA,NO_LOW_VIS,0,,0,0,0,0,0,0
LBSF_CDRY_2025-02-11,LBSF,CDRY,CN,NO_LOW_VIS,0,,0,0,0,0,0,0
LBSF_CDRY_2025-02-13,LBSF,CDRY,FA,NO_LOW_VIS,0,,0,0,0,0,0,0
LBSF_CDRY_2025-03-20,LBSF,CDRY,CN,NO_LOW_VIS,0,,0,0,0,0,0,0
LBSF_CDRY_2026-07-20,LBSF,CDRY,CN,NO_LOW_VIS,0,,0,0,0,0,0,0
LBSF_CDRY_2026-07-23,LBSF,CDRY,CN,NO_LOW_VIS,0,,0,0,0,0,0,0
LBSF_CFOG_2024-01-10,LBSF,CFOG,HIT,REAL_FOG,6,450,6,0,0,0,0,0
LBSF_CFOG_2024-01-18,LBSF,CFOG,MISS,REAL_FOG,4,500,4,0,0,0,0,0
LBSF_CFOG_2024-01-21,LBSF,CFOG,MISS,REAL_FOG,12,200,8,0,2,0,2,0
LBSF_CFOG_2024-03-02,LBSF,CFOG,MISS,REAL_FOG,9,400,9,0,0,0,0,0
LBSF_CFOG_2024-10-07,LBSF,CFOG,MISS,REAL_FOG,1,600,1,0,0,0,0,0
LBSF_CFOG_2024-10-12,LBSF,CFOG,MISS,REAL_FOG,3,800,3,0,0,0,0,0
LBSF_CFOG_2024-10-13,LBSF,CFOG,HIT,REAL_FOG,4,300,4,0,0,0,0,0
LBSF_CFOG_2024-10-21,LBSF,CFOG,MISS,REAL_FOG,2,200,2,0,0,0,0,0
LBSF_CFOG_2024-10-25,LBSF,CFOG,HIT,REAL_FOG,1,450,1,0,0,0,0,0
LBSF_CFOG_2024-10-30,LBSF,CFOG,HIT,REAL_FOG,5,250,5,0,0,0,0,0
LBSF_CFOG_2024-11-16,LBSF,CFOG,HIT,REAL_FOG,6,200,6,0,0,0,0,0
LBSF_CFOG_2024-12-19,LBSF,CFOG,HIT,REAL_FOG,4,450,4,0,0,0,0,0
LBSF_CFOG_2024-12-30,LBSF,CFOG,HIT,REAL_FOG,28,250,28,0,0,0,0,0
LBSF_CFOG_2025-01-01,LBSF,CFOG,MISS,REAL_FOG,28,400,28,0,0,0,0,0
LBSF_CFOG_2025-01-31,LBSF,CFOG,HIT,REAL_FOG,5,200,5,0,0,0,0,0
LBSF_CFOG_2025-02-02,LBSF,CFOG,MISS,REAL_FOG,4,350,4,0,0,0,0,0
LBSF_CLDY_2024-01-09,LBSF,CLDY,CN,NO_LOW_VIS,0,,0,0,0,0,0,0
LBSF_CLDY_2024-01-12,LBSF,CLDY,CN,NO_LOW_VIS,0,,0,0,0,0,0,0
LBSF_CLDY_2024-01-15,LBSF,CLDY,CN,NO_LOW_VIS,0,,0,0,0,0,0,0
LBSF_CLDY_2024-01-19,LBSF,CLDY,HIT,NO_LOW_VIS,0,,0,0,0,0,0,0
LBSF_CLDY_2024-01-23,LBSF,CLDY,HIT,REAL_FOG,1,800,1,0,0,0,0,0
LBSF_CLDY_2024-01-27,LBSF,CLDY,CN,NO_LOW_VIS,0,,0,0,0,0,0,0
LBSF_CLDY_2024-01-28,LBSF,CLDY,CN,NO_LOW_VIS,0,,0,0,0,0,0,0
LBSF_CLDY_2024-02-13,LBSF,CLDY,CN,NO_LOW_VIS,0,,0,0,0,0,0,0
LBSF_CLDY_2024-02-14,LBSF,CLDY,CN,NO_LOW_VIS,0,,0,0,0,0,0,0
LBSF_CLDY_2024-02-24,LBSF,CLDY,CN,NO_LOW_VIS,0,,0,0,0,0,0,0
LBSF_CLDY_2024-03-01,LBSF,CLDY,CN,NO_LOW_VIS,0,,0,0,0,0,0,0
LBSF_CLDY_2024-03-04,LBSF,CLDY,CN,NO_LOW_VIS,0,,0,0,0,0,0,0
LBSF_CLDY_2024-03-08,LBSF,CLDY,FA,NO_LOW_VIS,0,,0,0,0,0,0,0
LBSF_CLDY_2024-03-14,LBSF,CLDY,CN,NO_LOW_VIS,0,,0,0,0,0,0,0
LBSF_CLDY_2024-03-18,LBSF,CLDY,CN,NO_LOW_VIS,0,,0,0,0,0,0,0
LBSF_CLDY_2024-04-17,LBSF,CLDY,CN,NO_LOW_VIS,0,,0,0,0,0,0,0
LBSF_CLDY_2024-04-20,LBSF,CLDY,MISS,NO_LOW_VIS,0,,0,0,0,0,0,0
LBSF_CLDY_2024-04-21,LBSF,CLDY,CN,NO_LOW_VIS,0,,0,0,0,0,0,0
LBSF_CLDY_2024-05-03,LBSF,CLDY,CN,NO_LOW_VIS,0,,0,0,0,0,0,0
LBSF_CLDY_2024-05-14,LBSF,CLDY,CN,NO_LOW_VIS,0,,0,0,0,0,0,0
LBSF_CLDY_2024-05-16,LBSF,CLDY,CN,NO_LOW_VIS,0,,0,0,0,0,0,0
LBSF_CLDY_2024-09-14,LBSF,CLDY,CN,NO_LOW_VIS,0,,0,0,0,0,0,0
LBSF_CLDY_2024-09-15,LBSF,CLDY,CN,NO_LOW_VIS,0,,0,0,0,0,0,0
LBSF_CLDY_2024-10-05,LBSF,CLDY,FA,NO_LOW_VIS,0,,0,0,0,0,0,0
LBSF_CLDY_2024-10-11,LBSF,CLDY,CN,NO_LOW_VIS,0,,0,0,0,0,0,0
LBSF_CLDY_2024-11-28,LBSF,CLDY,CN,NO_LOW_VIS,0,,0,0,0,0,0,0
LBSF_CLDY_2024-12-02,LBSF,CLDY,CN,NO_LOW_VIS,0,,0,0,0,0,0,0
LBSF_CLDY_2024-12-06,LBSF,CLDY,CN,NO_LOW_VIS,0,,0,0,0,0,0,0
LBSF_CLDY_2024-12-07,LBSF,CLDY,CN,NO_LOW_VIS,0,,0,0,0,0,0,0
LBSF_CLDY_2024-12-08,LBSF,CLDY,CN,NO_LOW_VIS,0,,0,0,0,0,0,0
LBSF_CLDY_2024-12-10,LBSF,CLDY,FA,NO_LOW_VIS,0,,0,0,0,0,0,0
LBSF_CLDY_2024-12-11,LBSF,CLDY,CN,NO_LOW_VIS,0,,0,0,0,0,0,0
LBSF_CLDY_2024-12-12,LBSF,CLDY,CN,NO_LOW_VIS,0,,0,0,0,0,0,0
LBSF_CLDY_2024-12-14,LBSF,CLDY,CN,NO_LOW_VIS,0,,0,0,0,0,0,0
LBSF_CLDY_2024-12-24,LBSF,CLDY,CN,NO_LOW_VIS,0,,0,0,0,0,0,0
LBSF_CLDY_2024-12-26,LBSF,CLDY,CN,NO_LOW_VIS,0,,0,0,0,0,0,0
LBSF_CLDY_2025-01-03,LBSF,CLDY,MISS,NO_LOW_VIS,0,,0,0,0,0,0,0
LBSF_CLDY_2025-01-11,LBSF,CLDY,MISS,NO_LOW_VIS,0,,0,0,0,0,0,0
LBSF_CLDY_2025-01-14,LBSF,CLDY,CN,NO_LOW_VIS,0,,0,0,0,0,0,0
LBSF_CLDY_2025-01-17,LBSF,CLDY,HIT,REAL_FOG,1,900,1,0,0,0,0,0
LBSF_CLDY_2025-01-21,LBSF,CLDY,FA,NO_LOW_VIS,0,,0,0,0,0,0,0
LBSF_CLDY_2025-02-03,LBSF,CLDY,CN,NO_LOW_VIS,0,,0,0,0,0,0,0
LBSF_CLDY_2025-02-12,LBSF,CLDY,CN,NO_LOW_VIS,0,,0,0,0,0,0,0
LBSF_CLDY_2025-02-16,LBSF,CLDY,MISS,SNOW_DOMINATED,1,800,0,0,1,0,0,0
LBSF_CLDY_2025-02-18,LBSF,CLDY,MISS,NO_LOW_VIS,0,,0,0,0,0,0,0
LBSF_CLDY_2025-02-24,LBSF,CLDY,CN,NO_LOW_VIS,0,,0,0,0,0,0,0
LBSF_CLDY_2025-02-28,LBSF,CLDY,CN,NO_LOW_VIS,0,,0,0,0,0,0,0
LBSF_CLDY_2025-03-17,LBSF,CLDY,CN,NO_LOW_VIS,0,,0,0,0,0,0,0
LBSF_CLDY_2025-03-30,LBSF,CLDY,CN,NO_LOW_VIS,0,,0,0,0,0,0,0
LBSF_DYNM_2024-01-11,LBSF,DYNM,CN,NO_LOW_VIS,0,,0,0,0,0,0,0
LBSF_DYNM_2024-01-13,LBSF,DYNM,CN,NO_LOW_VIS,0,,0,0,0,0,0,0
LBSF_DYNM_2024-01-25,LBSF,DYNM,CN,NO_LOW_VIS,0,,0,0,0,0,0,0
LBSF_DYNM_2024-01-26,LBSF,DYNM,CN,NO_LOW_VIS,0,,0,0,0,0,0,0
LBSF_DYNM_2024-02-03,LBSF,DYNM,CN,NO_LOW_VIS,0,,0,0,0,0,0,0
LBSF_DYNM_2024-02-27,LBSF,DYNM,CN,NO_LOW_VIS,0,,0,0,0,0,0,0
LBSF_DYNM_2024-03-09,LBSF,DYNM,CN,NO_LOW_VIS,0,,0,0,0,0,0,0
LBSF_DYNM_2024-03-10,LBSF,DYNM,CN,NO_LOW_VIS,0,,0,0,0,0,0,0
LBSF_DYNM_2024-03-11,LBSF,DYNM,CN,NO_LOW_VIS,0,,0,0,0,0,0,0
LBSF_DYNM_2024-03-19,LBSF,DYNM,CN,NO_LOW_VIS,0,,0,0,0,0,0,0
LBSF_DYNM_2024-03-25,LBSF,DYNM,CN,NO_LOW_VIS,0,,0,0,0,0,0,0
LBSF_DYNM_2024-03-27,LBSF,DYNM,CN,NO_LOW_VIS,0,,0,0,0,0,0,0
LBSF_DYNM_2024-10-01,LBSF,DYNM,CN,NO_LOW_VIS,0,,0,0,0,0,0,0
LBSF_DYNM_2024-10-03,LBSF,DYNM,CN,NO_LOW_VIS,0,,0,0,0,0,0,0
LBSF_DYNM_2024-10-17,LBSF,DYNM,CN,NO_LOW_VIS,0,,0,0,0,0,0,0
LBSF_DYNM_2024-10-19,LBSF,DYNM,CN,NO_LOW_VIS,0,,0,0,0,0,0,0
LBSF_DYNM_2024-11-04,LBSF,DYNM,CN,NO_LOW_VIS,0,,0,0,0,0,0,0
LBSF_DYNM_2024-11-05,LBSF,DYNM,CN,NO_LOW_VIS,0,,0,0,0,0,0,0
LBSF_DYNM_2024-11-21,LBSF,DYNM,CN,NO_LOW_VIS,0,,0,0,0,0,0,0
LBSF_DYNM_2024-11-26,LBSF,DYNM,CN,NO_LOW_VIS,0,,0,0,0,0,0,0
LBSF_DYNM_2024-12-15,LBSF,DYNM,CN,NO_LOW_VIS,0,,0,0,0,0,0,0
LBSF_DYNM_2024-12-16,LBSF,DYNM,FA,NO_LOW_VIS,0,,0,0,0,0,0,0
LBSF_DYNM_2025-01-24,LBSF,DYNM,MISS,NO_LOW_VIS,0,,0,0,0,0,0,0
LBSF_DYNM_2025-03-02,LBSF,DYNM,CN,NO_LOW_VIS,0,,0,0,0,0,0,0
LBSF_DYNM_2025-03-08,LBSF,DYNM,CN,NO_LOW_VIS,0,,0,0,0,0,0,0
LBSF_DYNM_2025-03-13,LBSF,DYNM,CN,NO_LOW_VIS,0,,0,0,0,0,0,0
LBSF_DYNM_2025-03-14,LBSF,DYNM,CN,NO_LOW_VIS,0,,0,0,0,0,0,0
LBSF_DYNM_2025-03-15,LBSF,DYNM,CN,NO_LOW_VIS,0,,0,0,0,0,0,0
LBSF_DYNM_2025-03-24,LBSF,DYNM,CN,NO_LOW_VIS,0,,0,0,0,0,0,0
LBSF_DYNM_2026-07-21,LBSF,DYNM,CN,NO_LOW_VIS,0,,0,0,0,0,0,0
LBSF_DYNM_2026-07-22,LBSF,DYNM,CN,NO_LOW_VIS,0,,0,0,0,0,0,0
LBSF_DYNM_2026-07-24,LBSF,DYNM,CN,NO_LOW_VIS,0,,0,0,0,0,0,0
LBSF_DYNM_2026-07-25,LBSF,DYNM,CN,NO_LOW_VIS,0,,0,0,0,0,0,0
LBSF_DYNM_2026-07-26,LBSF,DYNM,CN,NO_LOW_VIS,0,,0,0,0,0,0,0
LBSF_DYNM_2026-07-27,LBSF,DYNM,CN,NO_LOW_VIS,0,,0,0,0,0,0,0
LBWN_CDRY_2024-09-23,LBWN,CDRY,FA,NO_LOW_VIS,0,,0,0,0,0,0,0
LBWN_CDRY_2024-10-20,LBWN,CDRY,CN,NO_LOW_VIS,0,,0,0,0,0,0,0
LBWN_CDRY_2024-10-21,LBWN,CDRY,FA,NO_LOW_VIS,0,,0,0,0,0,0,0
LBWN_CDRY_2024-11-05,LBWN,CDRY,CN,NO_LOW_VIS,0,,0,0,0,0,0,0
LBWN_CDRY_2024-12-19,LBWN,CDRY,HIT,NO_LOW_VIS,0,,0,0,0,0,0,0
LBWN_CDRY_2024-12-31,LBWN,CDRY,FA,NO_LOW_VIS,0,,0,0,0,0,0,0
LBWN_CDRY_2025-01-05,LBWN,CDRY,CN,NO_LOW_VIS,0,,0,0,0,0,0,0
LBWN_CDRY_2025-01-08,LBWN,CDRY,CN,NO_LOW_VIS,0,,0,0,0,0,0,0
LBWN_CDRY_2025-01-23,LBWN,CDRY,CN,NO_LOW_VIS,0,,0,0,0,0,0,0
LBWN_CDRY_2025-02-12,LBWN,CDRY,FA,NO_LOW_VIS,0,,0,0,0,0,0,0
LBWN_CDRY_2025-02-23,LBWN,CDRY,CN,NO_LOW_VIS,0,,0,0,0,0,0,0
LBWN_CDRY_2025-03-08,LBWN,CDRY,CN,NO_LOW_VIS,0,,0,0,0,0,0,0
LBWN_CDRY_2025-03-20,LBWN,CDRY,CN,NO_LOW_VIS,0,,0,0,0,0,0,0
LBWN_CDRY_2026-07-21,LBWN,CDRY,FA,NO_LOW_VIS,0,,0,0,0,0,0,0
LBWN_CDRY_2026-07-23,LBWN,CDRY,CN,NO_LOW_VIS,0,,0,0,0,0,0,0
LBWN_CDRY_2026-07-25,LBWN,CDRY,CN,NO_LOW_VIS,0,,0,0,0,0,0,0
LBWN_CFOG_2024-10-02,LBWN,CFOG,HIT,REAL_FOG,1,300,1,0,0,0,0,0
LBWN_CFOG_2024-10-22,LBWN,CFOG,HIT,NO_LOW_VIS,0,,0,0,0,0,0,0
LBWN_CFOG_2024-10-25,LBWN,CFOG,HIT,REAL_FOG,6,50,6,0,0,0,0,0
LBWN_CFOG_2024-11-07,LBWN,CFOG,HIT,REAL_FOG,7,50,7,0,0,0,0,0
LBWN_CFOG_2024-11-17,LBWN,CFOG,HIT,REAL_FOG,8,100,8,0,0,0,0,0
LBWN_CFOG_2024-12-18,LBWN,CFOG,MISS,REAL_FOG,1,550,1,0,0,0,0,0
LBWN_CFOG_2025-01-20,LBWN,CFOG,HIT,REAL_FOG,5,200,5,0,0,0,0,0
LBWN_CFOG_2025-01-30,LBWN,CFOG,HIT,REAL_FOG,1,300,1,0,0,0,0,0
LBWN_CFOG_2025-03-31,LBWN,CFOG,FA,NO_LOW_VIS,0,,0,0,0,0,0,0
LBWN_CLDY_2024-11-14,LBWN,CLDY,CN,NO_LOW_VIS,0,,0,0,0,0,0,0
LBWN_CLDY_2024-11-30,LBWN,CLDY,CN,NO_LOW_VIS,0,,0,0,0,0,0,0
LBWN_CLDY_2024-12-05,LBWN,CLDY,CN,NO_LOW_VIS,0,,0,0,0,0,0,0
LBWN_CLDY_2024-12-24,LBWN,CLDY,CN,NO_LOW_VIS,0,,0,0,0,0,0,0
LBWN_CLDY_2024-12-28,LBWN,CLDY,CN,NO_LOW_VIS,0,,0,0,0,0,0,0
LBWN_CLDY_2025-01-14,LBWN,CLDY,CN,NO_LOW_VIS,0,,0,0,0,0,0,0
LBWN_CLDY_2025-02-02,LBWN,CLDY,CN,NO_LOW_VIS,0,,0,0,0,0,0,0
LBWN_CLDY_2025-02-07,LBWN,CLDY,CN,NO_LOW_VIS,0,,0,0,0,0,0,0
LBWN_CLDY_2025-02-15,LBWN,CLDY,CN,NO_LOW_VIS,0,,0,0,0,0,0,0
LBWN_CLDY_2025-02-18,LBWN,CLDY,MISS,NO_LOW_VIS,0,,0,0,0,0,0,0
LBWN_CLDY_2025-02-28,LBWN,CLDY,CN,NO_LOW_VIS,0,,0,0,0,0,0,0
LBWN_CLDY_2026-07-22,LBWN,CLDY,CN,NO_LOW_VIS,0,,0,0,0,0,0,0
LBWN_DYNM_2024-10-06,LBWN,DYNM,CN,NO_LOW_VIS,0,,0,0,0,0,0,0
LBWN_DYNM_2024-10-17,LBWN,DYNM,CN,NO_LOW_VIS,0,,0,0,0,0,0,0
LBWN_DYNM_2024-11-20,LBWN,DYNM,CN,NO_LOW_VIS,0,,0,0,0,0,0,0
LBWN_DYNM_2024-12-02,LBWN,DYNM,CN,NO_LOW_VIS,0,,0,0,0,0,0,0
LBWN_DYNM_2024-12-21,LBWN,DYNM,CN,NO_LOW_VIS,0,,0,0,0,0,0,0
LBWN_DYNM_2024-12-27,LBWN,DYNM,CN,NO_LOW_VIS,0,,0,0,0,0,0,0
LBWN_DYNM_2025-01-02,LBWN,DYNM,CN,NO_LOW_VIS,0,,0,0,0,0,0,0
LBWN_DYNM_2025-01-13,LBWN,DYNM,CN,NO_LOW_VIS,0,,0,0,0,0,0,0
LBWN_DYNM_2025-02-06,LBWN,DYNM,CN,NO_LOW_VIS,0,,0,0,0,0,0,0
LBWN_DYNM_2025-02-10,LBWN,DYNM,CN,NO_LOW_VIS,0,,0,0,0,0,0,0
LBWN_DYNM_2025-03-18,LBWN,DYNM,CN,NO_LOW_VIS,0,,0,0,0,0,0,0
LBWN_DYNM_2025-03-21,LBWN,DYNM,CN,NO_LOW_VIS,0,,0,0,0,0,0,0
LBWN_DYNM_2026-07-20,LBWN,DYNM,CN,NO_LOW_VIS,0,,0,0,0,0,0,0
LBWN_DYNM_2026-07-24,LBWN,DYNM,CN,NO_LOW_VIS,0,,0,0,0,0,0,0
LBWN_DYNM_2026-07-26,LBWN,DYNM,CN,NO_LOW_VIS,0,,0,0,0,0,0,0
LBWN_DYNM_2026-07-27,LBWN,DYNM,CN,NO_LOW_VIS,0,,0,0,0,0,0,0
